{"cameraMode":{"drawMode":0,"name":"Shaded","section":"Shading Mode"},"sceneLighting":true,"audioPlay":false,"sceneViewState":{"showFog":true,"showMaterialUpdate":false,"showSkybox":true,"showFlares":true,"showImageEffects":true,"showParticleSystems":true},"in2DMode":false,"pivot":{"x":11.048995971679688,"y":3.7771735191345217,"z":-3.0943222045898439},"rotation":{"x":-0.14625222980976106,"y":0.05428984761238098,"z":-0.008029508404433728,"w":-0.9877340793609619},"size":5.883771896362305,"orthographic":false}