{"cameraMode":{"drawMode":0,"name":"Shaded","section":"Shading Mode"},"sceneLighting":false,"audioPlay":false,"sceneViewState":{"showFog":true,"showMaterialUpdate":false,"showSkybox":false,"showFlares":true,"showImageEffects":true,"showParticleSystems":true},"in2DMode":false,"pivot":{"x":20.412866592407228,"y":5.5229997634887699,"z":-0.0000019059324358750019},"rotation":{"x":0.014998562633991242,"y":0.010498911142349244,"z":-0.0001640596892684698,"w":0.9998407363891602},"size":10.0,"orthographic":true}