{"cameraMode":{"drawMode":0,"name":"Shaded","section":"Shading Mode"},"sceneLighting":true,"audioPlay":false,"sceneViewState":{"showFog":true,"showMaterialUpdate":false,"showSkybox":true,"showFlares":true,"showImageEffects":true,"showParticleSystems":true},"in2DMode":false,"pivot":{"x":8.798095703125,"y":3.16064453125,"z":-2.498046875},"rotation":{"x":0.03891415148973465,"y":0.062319789081811908,"z":0.0024411738850176336,"w":-0.9973043203353882},"size":14.35261058807373,"orthographic":true}