{"cameraMode":{"drawMode":0,"name":"Shaded","section":"Shading Mode"},"sceneLighting":false,"audioPlay":false,"sceneViewState":{"showFog":true,"showMaterialUpdate":false,"showSkybox":false,"showFlares":true,"showImageEffects":true,"showParticleSystems":true},"in2DMode":false,"pivot":{"x":13.17431640625,"y":10.304962158203125,"z":0.052978515625},"rotation":{"x":0.06350855529308319,"y":-0.3360181450843811,"z":0.022715648636221887,"w":0.9394382238388062},"size":2.6641602516174318,"orthographic":true}