{"cameraMode":{"drawMode":0,"name":"Shaded","section":"Shading Mode"},"sceneLighting":false,"audioPlay":false,"sceneViewState":{"showFog":true,"showMaterialUpdate":false,"showSkybox":false,"showFlares":true,"showImageEffects":true,"showParticleSystems":true},"in2DMode":false,"pivot":{"x":-1.0799927711486817,"y":2.2710001468658449,"z":2.184999942779541},"rotation":{"x":-0.07959318906068802,"y":0.9074576497077942,"z":-0.3606727719306946,"w":-0.20025835931301118},"size":4.927255630493164,"orthographic":false}