{"cameraMode":{"drawMode":2,"name":"Shaded Wireframe","section":"Shading Mode"},"sceneLighting":true,"audioPlay":false,"sceneViewState":{"showFog":true,"showMaterialUpdate":false,"showSkybox":true,"showFlares":true,"showImageEffects":true,"showParticleSystems":true},"in2DMode":false,"pivot":{"x":113.17745971679688,"y":-64.42668914794922,"z":-16.296306610107423},"rotation":{"x":0.21114382147789002,"y":0.7055812478065491,"z":-0.2348489612340927,"w":0.6343673467636108},"size":41.398681640625,"orthographic":false}